id,"name",artist_id,"created_at","updated_at",display
1,"あなたなしでは生きてゆけない",9,"2015-11-15 19:12:49","2015-11-15 19:12:49",1
2,"BERRY FIELDS",9,"2015-11-15 19:12:49","2015-11-15 19:12:49",1
3,"ファイティングポーズはダテじゃない！",9,"2015-11-15 19:12:49","2015-11-15 19:12:49",1
4,"夏わかめ",9,"2015-11-15 19:12:49","2015-11-15 19:12:49",1
5,"ピリリと行こう！",9,"2015-11-15 19:12:49","2015-11-15 19:12:49",1
6,"かっちょええ！",9,"2015-11-15 19:12:49","2015-11-15 19:12:49",1
7,"日直〜芸能人の会話〜",9,"2015-11-15 19:12:49","2015-11-15 19:12:49",1
8,"恋はひっぱりだこ",9,"2015-11-15 19:12:49","2015-11-15 19:12:49",1
9,"蝉",9,"2015-11-15 19:12:49","2015-11-15 19:12:49",1
10,"安心感",9,"2015-11-15 19:12:49","2015-11-15 19:12:49",1
11,"小遣いUP大作戦",9,"2015-11-15 19:12:49","2015-11-15 19:12:49",1
12,"TODAY IS MY BIRTHDAY",9,"2015-11-15 19:12:49","2015-11-15 19:12:49",1
13,"Bye Bye またね",9,"2015-11-15 19:12:49","2015-11-15 19:12:49",1
14,"Hello!のテーマ(Berryz工房 Version)",9,"2015-11-15 19:12:49","2015-11-15 19:12:49",1
15,"友情 純情 oh 青春",9,"2015-11-15 19:12:49","2015-11-15 19:12:49",1
16,"恋の呪縛",9,"2015-11-15 19:12:49","2015-11-15 19:12:49",1
17,"パッション E-CHA E-CHA",9,"2015-11-15 19:12:49","2015-11-15 19:12:49",1
18,"スッペシャル ジェネレ〜ション",9,"2015-11-15 19:12:49","2015-11-15 19:12:49",1
19,"恋してる時はいつも…",9,"2015-11-15 19:12:49","2015-11-15 19:12:49",1
20,"夢で ドゥーアップ",9,"2015-11-15 19:12:49","2015-11-15 19:12:49",1
21,"21時までのシンデレラ",9,"2015-11-15 19:12:49","2015-11-15 19:12:49",1
22,"秘密のウ・タ・ヒ・メ",9,"2015-11-15 19:12:49","2015-11-15 19:12:49",1
23,"ハピネス〜幸福歓迎！〜",9,"2015-11-15 19:12:49","2015-11-15 19:12:49",1
24,"なんちゅう恋をやってるぅ YOU KNOW?",9,"2015-11-15 19:12:49","2015-11-15 19:12:49",1
25,"女子バスケット部〜朝練あった日の髪型〜",9,"2015-11-15 19:12:49","2015-11-15 19:12:49",1
26,"お昼の休憩時間。",9,"2015-11-15 19:12:49","2015-11-15 19:12:49",1
27,"さぼり",9,"2015-11-15 19:12:49","2015-11-15 19:12:49",1
28,"愛する人の名前を日記に",9,"2015-11-15 19:12:49","2015-11-15 19:12:49",1
29,"Berryz工房行進曲",9,"2015-11-15 19:12:49","2015-11-15 19:12:49",1
30,"ギャグ100回分愛してください",9,"2015-11-15 19:12:49","2015-11-15 19:12:49",1
31,"にぎやかな冬",9,"2015-11-15 19:12:49","2015-11-15 19:12:49",1
32,"ありがとう！おともだち。",9,"2015-11-15 19:12:49","2015-11-15 19:12:49",1
33,"ジリリ　キテル",9,"2015-11-15 19:12:49","2015-11-15 19:12:49",1
34,"図書室待機",9,"2015-11-15 19:12:49","2015-11-15 19:12:49",1
35,"マジ夏すぎる",9,"2015-11-15 19:12:49","2015-11-15 19:12:49",1
36,"夏 Remember you",9,"2015-11-15 19:12:49","2015-11-15 19:12:49",1
37,"笑っちゃおうよ BOYFRIEND",9,"2015-11-15 19:12:49","2015-11-15 19:12:49",1
38,"素肌ピチピチ",9,"2015-11-15 19:12:49","2015-11-15 19:12:49",1
39,"胸さわぎスカーレット",9,"2015-11-15 19:12:50","2015-11-15 19:12:50",1
40,"あいたいけど…",9,"2015-11-15 19:12:50","2015-11-15 19:12:50",1
41,"VERY BEAUTY",9,"2015-11-15 19:12:50","2015-11-15 19:12:50",1
42,"ガキ大将",9,"2015-11-15 19:12:50","2015-11-15 19:12:50",1
43,"告白の噴水広場",9,"2015-11-15 19:12:50","2015-11-15 19:12:50",1
44,"青春大通り",9,"2015-11-15 19:12:50","2015-11-15 19:12:50",1
45,"スプリンター!",9,"2015-11-15 19:12:50","2015-11-15 19:12:50",1
46,"私がすることない程 全部してくれる彼",9,"2015-11-15 19:12:50","2015-11-15 19:12:50",1
47,"思い立ったら　吉でっせ!",9,"2015-11-15 19:12:50","2015-11-15 19:12:50",1
48,"愛のスキスキ指数 上昇中",9,"2015-11-15 19:12:50","2015-11-15 19:12:50",1
49,"サヨナラ　激しき恋",9,"2015-11-15 19:12:50","2015-11-15 19:12:50",1
50,"サクラハラクサ",9,"2015-11-15 19:12:50","2015-11-15 19:12:50",1
51,"桜→入学式",9,"2015-11-15 19:12:50","2015-11-15 19:12:50",1
52,"付き合ってるのに片思い",9,"2015-11-15 19:12:50","2015-11-15 19:12:50",1
53,"我ら!Berryz仮面",9,"2015-11-15 19:12:50","2015-11-15 19:12:50",1
54,"ジンギスカン",9,"2015-11-15 19:12:50","2015-11-15 19:12:50",1
55,"ダーリン I LOVE YOU (Berryz工房ver.)",9,"2015-11-15 19:12:50","2015-11-15 19:12:50",1
56,"行け 行け モンキーダンス",9,"2015-11-15 19:12:50","2015-11-15 19:12:50",1
57,"マジ グッドチャンス サマー",9,"2015-11-15 19:12:50","2015-11-15 19:12:50",1
58,"Ah Merry-go-round",9,"2015-11-15 19:12:50","2015-11-15 19:12:50",1
59,"バカにしないで",9,"2015-11-15 19:12:50","2015-11-15 19:12:50",1
60,"REAL LOVE",9,"2015-11-15 19:12:50","2015-11-15 19:12:50",1
61,"この指とまれ！",9,"2015-11-15 19:12:50","2015-11-15 19:12:50",1
62,"CLAP!",9,"2015-11-15 19:12:50","2015-11-15 19:12:50",1
63,"夢を一粒〜Berryz仮面 Endingテーマ〜",9,"2015-11-15 19:12:50","2015-11-15 19:12:50",1
64,"BE",9,"2015-11-15 19:12:50","2015-11-15 19:12:50",1
65,"HAPPY! Stand Up",9,"2015-11-15 19:12:50","2015-11-15 19:12:50",1
66,"フラれパターン",9,"2015-11-15 19:12:50","2015-11-15 19:12:50",1
67,"MADAYADE",9,"2015-11-15 19:12:50","2015-11-15 19:12:50",1
68,"男の子",9,"2015-11-15 19:12:50","2015-11-15 19:12:50",1
69,"そのすべての愛に",9,"2015-11-15 19:12:50","2015-11-15 19:12:50",1
70,"抱きしめて 抱きしめて",9,"2015-11-15 19:12:50","2015-11-15 19:12:50",1
71,"青春バスガイド",9,"2015-11-15 19:12:50","2015-11-15 19:12:50",1
72,"ライバル",9,"2015-11-15 19:12:50","2015-11-15 19:12:50",1
73,"関白宣言",9,"2015-11-15 19:12:50","2015-11-15 19:12:50",1
74,"流星ボーイ",9,"2015-11-15 19:12:50","2015-11-15 19:12:50",1
75,"私の未来のだんな様",9,"2015-11-15 19:12:50","2015-11-15 19:12:50",1
76,"友達は友達なんだ!",9,"2015-11-15 19:12:50","2015-11-15 19:12:50",1
77,"雄叫びボーイ WAO!",9,"2015-11-15 19:12:50","2015-11-15 19:12:50",1
78,"ヤキモチをください!",9,"2015-11-15 19:12:50","2015-11-15 19:12:50",1
79,"グランドでも廊下でも目立つ君",9,"2015-11-15 19:12:50","2015-11-15 19:12:50",1
80,"愛には　愛でしょ",9,"2015-11-15 19:12:50","2015-11-15 19:12:50",1
81,"希望の夜",9,"2015-11-15 19:12:50","2015-11-15 19:12:50",1
82,"君の友達",9,"2015-11-15 19:12:50","2015-11-15 19:12:50",1
83,"雄叫びボーイ WAO! (スパーク Ver.)",9,"2015-11-15 19:12:50","2015-11-15 19:12:50",1
84,"本気ボンバー!",9,"2015-11-15 19:12:50","2015-11-15 19:12:50",1
85,"MOON POWER",9,"2015-11-15 19:12:50","2015-11-15 19:12:50",1
86,"エレガントガール",9,"2015-11-15 19:12:50","2015-11-15 19:12:50",1
87,"ちょっとさみしいな",9,"2015-11-15 19:12:50","2015-11-15 19:12:50",1
88,"シャイニング パワー",9,"2015-11-15 19:12:50","2015-11-15 19:12:50",1
89,"マジカルフューチャー!(ジ・オーガENDテーマVer.)",9,"2015-11-15 19:12:50","2015-11-15 19:12:50",1
90,"ヒーロー現る！",9,"2015-11-15 19:12:50","2015-11-15 19:12:50",1
91,"ヒロインになろうか！",9,"2015-11-15 19:12:50","2015-11-15 19:12:50",1
92,"女のプライド",9,"2015-11-15 19:12:50","2015-11-15 19:12:50",1
93,"ガールズタイムス",9,"2015-11-15 19:12:50","2015-11-15 19:12:50",1
94,"女子会 The Night",9,"2015-11-15 19:12:50","2015-11-15 19:12:50",1
95,"真っ白いあの雲",9,"2015-11-15 19:12:50","2015-11-15 19:12:50",1
96,"BOMB BOMB JUMP",9,"2015-11-15 19:12:50","2015-11-15 19:12:50",1
97,"一丁目ロック!",9,"2015-11-15 19:12:50","2015-11-15 19:12:50",1
98,"思い出",9,"2015-11-15 19:12:50","2015-11-15 19:12:50",1
99,"愛の弾丸",9,"2015-11-15 19:12:50","2015-11-15 19:12:50",1
100,"大人にはなりたくない 早く大人になりたい",9,"2015-11-15 19:12:50","2015-11-15 19:12:50",1
101,"ああ、夜が明ける",9,"2015-11-15 19:12:50","2015-11-15 19:12:50",1
102,"単純すぎなの私…",9,"2015-11-15 19:12:50","2015-11-15 19:12:50",1
103,"甘酸っぱい春にサクラサク",9,"2015-11-15 19:12:50","2015-11-15 19:12:50",1
104,"かっちょ良い歌",9,"2015-11-15 19:12:50","2015-11-15 19:12:50",1
105,"恋愛模様",9,"2015-11-15 19:12:50","2015-11-15 19:12:50",1
106,"青春劇場(Berryz工房 Ver.)",9,"2015-11-15 19:12:50","2015-11-15 19:12:50",1
107,"新しい日々",9,"2015-11-15 19:12:50","2015-11-15 19:12:50",1
108,"Because happiness",9,"2015-11-15 19:12:50","2015-11-15 19:12:50",1
109,"Shy boy",9,"2015-11-15 19:12:50","2015-11-15 19:12:50",1
110,"世の中薔薇色",9,"2015-11-15 19:12:50","2015-11-15 19:12:50",1
111,"Mythology〜愛のアルバム〜",9,"2015-11-15 19:12:50","2015-11-15 19:12:50",1
112,"もう、子供じゃない私なのに…",9,"2015-11-15 19:12:50","2015-11-15 19:12:50",1
113,"Be 元気＜成せば成るっ!＞",9,"2015-11-15 19:12:50","2015-11-15 19:12:50",1
114,"超HAPPY SONG",9,"2015-11-15 19:12:50","2015-11-15 19:12:50",1
115,"Loving you Too much",9,"2015-11-15 19:12:50","2015-11-15 19:12:50",1
116,"cha cha SING",9,"2015-11-15 19:12:50","2015-11-15 19:12:50",1
117,"ももち！許してにゃん体操",9,"2015-11-15 19:12:50","2015-11-15 19:12:50",1
118,"勇気をください!",9,"2015-11-15 19:12:50","2015-11-15 19:12:50",1
119,"WANT!",9,"2015-11-15 19:12:50","2015-11-15 19:12:50",1
120,"恋 いとしき季節",9,"2015-11-15 19:12:50","2015-11-15 19:12:50",1
121,"男前",9,"2015-11-15 19:12:50","2015-11-15 19:12:50",1
122,"なんだかんだで良い感じ！",9,"2015-11-15 19:12:50","2015-11-15 19:12:50",1
123,"まっすぐな私",9,"2015-11-15 19:12:50","2015-11-15 19:12:50",1
124,"すっちゃかめっちゃか〜",9,"2015-11-15 19:12:50","2015-11-15 19:12:50",1
125,"I like a picnic",9,"2015-11-15 19:12:50","2015-11-15 19:12:50",1
126,"世界で一番大切な人",9,"2015-11-15 19:12:50","2015-11-15 19:12:50",1
127,"アジアン セレブレイション",9,"2015-11-15 19:12:50","2015-11-15 19:12:50",1
128,"サヨナラ ウソつきの私",9,"2015-11-15 19:12:50","2015-11-15 19:12:50",1
129,"ゴールデン チャイナタウン",9,"2015-11-15 19:12:50","2015-11-15 19:12:50",1
130,"I'm so cool!",9,"2015-11-15 19:12:50","2015-11-15 19:12:50",1
131,"ROCKエロティック",9,"2015-11-15 19:12:50","2015-11-15 19:12:50",1
132,"もっとずっと一緒に居たかった",9,"2015-11-15 19:12:50","2015-11-15 19:12:50",1
133,"恋するテクニック",9,"2015-11-15 19:12:50","2015-11-15 19:12:50",1
134,"1億3千万総ダイエット王国",9,"2015-11-15 19:12:50","2015-11-15 19:12:50",1
135,"大人なのよ！",9,"2015-11-15 19:12:50","2015-11-15 19:12:50",1
136,"女の子にしかわかんない丁度があるの",9,"2015-11-15 19:12:50","2015-11-15 19:12:50",1
137,"コイセヨ！",9,"2015-11-15 19:12:50","2015-11-15 19:12:50",1
138,"普通、アイドル10年やってらんないでしょ!?",9,"2015-11-15 19:12:50","2015-11-15 19:12:50",1
139,"愛はいつも君の中に",9,"2015-11-15 19:12:50","2015-11-15 19:12:50",1
140,"永久の歌",9,"2015-11-15 19:12:50","2015-11-15 19:12:50",1
141,"ロマンスを語って",9,"2015-11-15 19:12:50","2015-11-15 19:12:50",1
142,"Love together！",9,"2015-11-15 19:12:50","2015-11-15 19:12:50",1
143,"ホントのじぶん",8,"2015-11-15 19:13:02","2015-11-15 19:13:02",1
144,"こころのたまご",8,"2015-11-15 19:13:02","2015-11-15 19:13:02",1
145,"恋愛ライダー",8,"2015-11-15 19:13:02","2015-11-15 19:13:02",1
146,"じゃなきゃもったいないっ！",8,"2015-11-15 19:13:02","2015-11-15 19:13:02",1
147,"Cafe Buono!",8,"2015-11-15 19:13:02","2015-11-15 19:13:02",1
148,"泣き虫少年",8,"2015-11-15 19:13:02","2015-11-15 19:13:02",1
149,"バケツの水",8,"2015-11-15 19:13:02","2015-11-15 19:13:02",1
150,"ガラクタノユメ",8,"2015-11-15 19:13:02","2015-11-15 19:13:02",1
151,"Internet Cupid",8,"2015-11-15 19:13:02","2015-11-15 19:13:02",1
152,"Last Forever",8,"2015-11-15 19:13:02","2015-11-15 19:13:02",1
153,"星の羊たち",8,"2015-11-15 19:13:02","2015-11-15 19:13:02",1
154,"ロックの神様",8,"2015-11-15 19:13:02","2015-11-15 19:13:02",1
155,"君がいれば",8,"2015-11-15 19:13:02","2015-11-15 19:13:02",1
156,"Kiss! Kiss! Kiss!",8,"2015-11-15 19:13:02","2015-11-15 19:13:02",1
157,"みんなだいすき",8,"2015-11-15 19:13:02","2015-11-15 19:13:02",1
158,"ガチンコでいこう!",8,"2015-11-15 19:13:02","2015-11-15 19:13:02",1
159,"れでぃぱんさぁ",8,"2015-11-15 19:13:02","2015-11-15 19:13:02",1
160,"ロッタラ　ロッタラ",8,"2015-11-15 19:13:02","2015-11-15 19:13:02",1
161,"マイラブ",8,"2015-11-15 19:13:02","2015-11-15 19:13:02",1
162,"co・no・mi・chi",8,"2015-11-15 19:13:02","2015-11-15 19:13:02",1
163,"無敵の∞Power",8,"2015-11-15 19:13:02","2015-11-15 19:13:02",1
164,"ゴール",8,"2015-11-15 19:13:02","2015-11-15 19:13:02",1
165,"OVER THE RAINBOW",8,"2015-11-15 19:13:02","2015-11-15 19:13:02",1
166,"You're My Friend",8,"2015-11-15 19:13:02","2015-11-15 19:13:02",1
167,"I NEED YOU",8,"2015-11-15 19:13:02","2015-11-15 19:13:02",1
168,"消失点-Vanishing Point-",8,"2015-11-15 19:13:02","2015-11-15 19:13:02",1
169,"キラキラ",8,"2015-11-15 19:13:02","2015-11-15 19:13:02",1
170,"Early Bird",8,"2015-11-15 19:13:02","2015-11-15 19:13:02",1
171,"ワープ！",8,"2015-11-15 19:13:02","2015-11-15 19:13:02",1
172,"MY BOY",8,"2015-11-15 19:13:02","2015-11-15 19:13:02",1
173,"キライスキダイキライ",8,"2015-11-15 19:13:02","2015-11-15 19:13:02",1
174,"Take It Easy!",8,"2015-11-15 19:13:02","2015-11-15 19:13:02",1
175,"-Winter Story-",8,"2015-11-15 19:13:02","2015-11-15 19:13:02",1
176,"Bravo☆Bravo",8,"2015-11-15 19:13:02","2015-11-15 19:13:02",1
177,"MIRACLE HAPPY LOVE SONG",8,"2015-11-15 19:13:02","2015-11-15 19:13:02",1
178,"Our Songs",8,"2015-11-15 19:13:02","2015-11-15 19:13:02",1
179,"We are Buono! 〜Buono!のテーマ",8,"2015-11-15 19:13:02","2015-11-15 19:13:02",1
180,"タビダチの歌",8,"2015-11-15 19:13:02","2015-11-15 19:13:02",1
181,"紅茶の美味しい店",8,"2015-11-15 19:13:02","2015-11-15 19:13:02",1
182,"Blue-Sky-Blue",8,"2015-11-15 19:13:02","2015-11-15 19:13:02",1
183,"カタオモイ。",8,"2015-11-15 19:13:02","2015-11-15 19:13:02",1
184,"うらはら",8,"2015-11-15 19:13:02","2015-11-15 19:13:02",1
185,"Independent Girl〜独立女子であるために",8,"2015-11-15 19:13:02","2015-11-15 19:13:02",1
186,"One Way = My Way",8,"2015-11-15 19:13:02","2015-11-15 19:13:02",1
187,"JUICY HE@RT",8,"2015-11-15 19:13:02","2015-11-15 19:13:02",1
188,"ラナウェイトレイン",8,"2015-11-15 19:13:02","2015-11-15 19:13:02",1
189,"雑草のうた",8,"2015-11-15 19:13:02","2015-11-15 19:13:02",1
190,"Ice Mermaid",8,"2015-11-15 19:13:02","2015-11-15 19:13:02",1
191,"夏ダカラ!",8,"2015-11-15 19:13:02","2015-11-15 19:13:02",1
192,"My alright sky",8,"2015-11-15 19:13:02","2015-11-15 19:13:02",1
193,"1/3の純情な感情",8,"2015-11-15 19:13:02","2015-11-15 19:13:02",1
194,"キアオラ・グラシャス・ありがと",8,"2015-11-15 19:13:02","2015-11-15 19:13:02",1
195,"フランキンセンスΨ",8,"2015-11-15 19:13:02","2015-11-15 19:13:02",1
196,"partenza〜レッツゴー!!!〜",8,"2015-11-15 19:13:02","2015-11-15 19:13:02",1
197,"DEEP MIND",8,"2015-11-15 19:13:02","2015-11-15 19:13:02",1
198,"初恋サイダー",8,"2015-11-15 19:13:02","2015-11-15 19:13:02",1
199,"Never gonna stop!",8,"2015-11-15 19:13:02","2015-11-15 19:13:02",1
200,"夏の星空",8,"2015-11-15 19:13:02","2015-11-15 19:13:02",1
201,"BELIEVE★★★",8,"2015-11-15 19:13:02","2015-11-15 19:13:02",1
202,"未来ドライブ",8,"2015-11-15 19:13:02","2015-11-15 19:13:02",1
203,"GO!GO!ゴーダ",8,"2015-11-15 19:13:02","2015-11-15 19:13:02",1
204,"FEVER",8,"2015-11-15 19:13:02","2015-11-15 19:13:02",1
205,"ぁまのじゃく",3,"2015-11-15 19:13:38","2015-11-15 19:13:38",1
206,"オトナになるって難しい!!!",3,"2015-11-15 19:13:38","2015-11-15 19:13:38",1
207,"サンキュ!　クレームブリュレの友情",3,"2015-11-15 19:13:38","2015-11-15 19:13:38",1
208,"夢見る 15歳",3,"2015-11-15 19:13:38","2015-11-15 19:13:38",1
209,"スマイル美人",3,"2015-11-15 19:13:38","2015-11-15 19:13:38",1
210,"○○ がんばらなくてもいいんだよ!!",3,"2015-11-15 19:13:38","2015-11-15 19:13:38",1
211,"○○ がんばらなくてもええねんで!!",3,"2015-11-15 19:13:38","2015-11-15 19:13:38",1
212,"ちょこっとLOVE",3,"2015-11-15 19:13:38","2015-11-15 19:13:38",1
213,"同じ時給で働く友達の美人ママ",3,"2015-11-15 19:13:38","2015-11-15 19:13:38",1
214,"マイ・スクール・マーチ",3,"2015-11-15 19:13:38","2015-11-15 19:13:38",1
215,"あすはデートなのに、今すぐ声が聞きたい",3,"2015-11-15 19:13:39","2015-11-15 19:13:39",1
216,"しっかりしてよ!もう",3,"2015-11-15 19:13:39","2015-11-15 19:13:39",1
217,"学級委員長",3,"2015-11-15 19:13:39","2015-11-15 19:13:39",1
218,"スキちゃん",3,"2015-11-15 19:13:39","2015-11-15 19:13:39",1
219,"シューティング スター",3,"2015-11-15 19:13:39","2015-11-15 19:13:39",1
220,"女ばかりの日曜日",3,"2015-11-15 19:13:39","2015-11-15 19:13:39",1
221,"踊ろうよ",3,"2015-11-15 19:13:39","2015-11-15 19:13:39",1
222,"乙女 パスタに感動",3,"2015-11-15 19:13:39","2015-11-15 19:13:39",1
223,"ショートカット",3,"2015-11-15 19:13:39","2015-11-15 19:13:39",1
224,"パン屋さんのアルバイト",3,"2015-11-15 19:13:39","2015-11-15 19:13:39",1
225,"恋をしちゃいました！",3,"2015-11-15 19:13:39","2015-11-15 19:13:39",1
226,"恋にBooing ブー！",3,"2015-11-15 19:13:39","2015-11-15 19:13:39",1
227,"初恋の貴方へ",3,"2015-11-15 19:13:39","2015-11-15 19:13:39",1
228,"チュッ！夏パ〜ティ",3,"2015-11-15 19:13:39","2015-11-15 19:13:39",1
229,"自転車チリリン",3,"2015-11-15 19:13:39","2015-11-15 19:13:39",1
230,"有頂天LOVE",3,"2015-11-15 19:13:39","2015-11-15 19:13:39",1
231,"スマイル音丼",3,"2015-11-15 19:13:39","2015-11-15 19:13:39",1
232,"タチアガール",3,"2015-11-15 19:13:39","2015-11-15 19:13:39",1
233,"ブギートレイン'11",3,"2015-11-15 19:13:39","2015-11-15 19:13:39",1
234,"かっちょ良い歌",3,"2015-11-15 19:13:39","2015-11-15 19:13:39",1
235,"手を握って歩きたい",3,"2015-11-15 19:13:39","2015-11-15 19:13:39",1
236,"プリーズ ミニスカ ポストウーマン！",3,"2015-11-15 19:13:39","2015-11-15 19:13:39",1
237,"こんにちは こんばんは",3,"2015-11-15 19:13:39","2015-11-15 19:13:39",1
238,"チョトマテクダサイ！",3,"2015-11-15 19:13:39","2015-11-15 19:13:39",1
239,"涙GIRL",3,"2015-11-15 19:13:39","2015-11-15 19:13:39",1
240,"チャンス到来！",3,"2015-11-15 19:13:39","2015-11-15 19:13:39",1
241,"恋人は心の応援団",3,"2015-11-15 19:13:39","2015-11-15 19:13:39",1
242,"ドットビキニ",3,"2015-11-15 19:13:39","2015-11-15 19:13:39",1
243,"すまいるブルース",3,"2015-11-15 19:13:39","2015-11-15 19:13:39",1
244,"黄色い自転車とサンドウィッチ",3,"2015-11-15 19:13:39","2015-11-15 19:13:39",1
245,"君は自転車 私は電車で帰宅",3,"2015-11-15 19:13:39","2015-11-15 19:13:39",1
246,"好きよ、純情反抗期。",3,"2015-11-15 19:13:39","2015-11-15 19:13:39",1
247,"私、ちょいとカワイイ裏番長",3,"2015-11-15 19:13:39","2015-11-15 19:13:39",1
248,"寒いね。",3,"2015-11-15 19:13:39","2015-11-15 19:13:39",1
249,"どうしよう",3,"2015-11-15 19:13:39","2015-11-15 19:13:39",1
250,"旅立ちの春が来た",3,"2015-11-15 19:13:39","2015-11-15 19:13:39",1
251,"さよなら さよなら さよなら",3,"2015-11-15 19:13:39","2015-11-15 19:13:39",1
252,"ねぇ 先輩",3,"2015-11-15 19:13:39","2015-11-15 19:13:39",1
253,"夕暮れ 恋の時間",3,"2015-11-15 19:13:39","2015-11-15 19:13:39",1
254,"私の心",3,"2015-11-15 19:13:39","2015-11-15 19:13:39",1
255,"天真爛漫",3,"2015-11-15 19:13:39","2015-11-15 19:13:39",1
256,"大人の途中",3,"2015-11-15 19:13:39","2015-11-15 19:13:39",1
257,"新・日本のすすめ！",3,"2015-11-15 19:13:39","2015-11-15 19:13:39",1
258,"ヤッタルチャン",3,"2015-11-15 19:13:39","2015-11-15 19:13:39",1
259,"新しい私になれ！",3,"2015-11-15 19:13:39","2015-11-15 19:13:39",1
260,"「良い奴」",3,"2015-11-15 19:13:39","2015-11-15 19:13:39",1
261,"ええか！？",3,"2015-11-15 19:13:39","2015-11-15 19:13:39",1
262,"エイティーン エモーション",3,"2015-11-15 19:13:39","2015-11-15 19:13:39",1
263,"ミステリーナイト！",3,"2015-11-15 19:13:39","2015-11-15 19:13:39",1
264,"地球は今日も愛を育む",3,"2015-11-15 19:13:39","2015-11-15 19:13:39",1
265,"嗚呼 すすきの",3,"2015-11-15 19:13:39","2015-11-15 19:13:39",1
266,"か〜てぃんこ〜るんるん",3,"2015-11-15 19:13:39","2015-11-15 19:13:39",1
267,"ONE DAY",3,"2015-11-15 19:13:39","2015-11-15 19:13:39",1
268,"叙情組曲「スマイルファンタジー」",3,"2015-11-15 19:13:39","2015-11-15 19:13:39",1
269,"乙女の逆襲",3,"2015-11-15 19:13:39","2015-11-15 19:13:39",1
270,"大器晩成",3,"2015-11-15 19:13:39","2015-11-15 19:13:39",1
271,"魔法使いサリー",3,"2015-11-15 19:13:39","2015-11-15 19:13:39",1
272,"臥薪嘗胆",3,"2015-11-15 19:13:39","2015-11-15 19:13:39",1
273,"七転び八起き",3,"2015-11-15 19:13:39","2015-11-15 19:13:39",1
274,"ドンデンガエシ",3,"2015-11-15 19:13:39","2015-11-15 19:13:39",1
275,"出すぎた杭は打たれない",3,"2015-11-15 19:13:39","2015-11-15 19:13:39",1
276,"わたし",3,"2015-11-15 19:13:50","2015-11-15 19:13:50",1
277,"大きな愛でもてなして",1,"2015-11-15 19:14:05","2015-11-15 19:14:05",1
278,"即 抱きしめて",1,"2015-11-15 19:14:05","2015-11-15 19:14:05",1
279,"わっきゃない(Z)",1,"2015-11-15 19:14:05","2015-11-15 19:14:05",1
280,"まっさらブルージーンズ",1,"2015-11-15 19:14:05","2015-11-15 19:14:05",1
281,"桜チラリ",1,"2015-11-15 19:14:05","2015-11-15 19:14:05",1
282,"JUMP",1,"2015-11-15 19:14:05","2015-11-15 19:14:05",1
283,"僕らの輝き",1,"2015-11-15 19:14:05","2015-11-15 19:14:05",1
284,"That's the POWER",1,"2015-11-15 19:14:05","2015-11-15 19:14:05",1
285,"通学ベクトル",1,"2015-11-15 19:14:05","2015-11-15 19:14:05",1
286,"ディスコ クイーン",1,"2015-11-15 19:14:05","2015-11-15 19:14:05",1
287,"夏DOKI リップスティック",1,"2015-11-15 19:14:05","2015-11-15 19:14:05",1
288,"めぐる恋の季節",1,"2015-11-15 19:14:05","2015-11-15 19:14:05",1
289,"美少女心理",1,"2015-11-15 19:14:05","2015-11-15 19:14:05",1
290,"都会っ子 純情",1,"2015-11-15 19:14:05","2015-11-15 19:14:05",1
291,"私立共学",1,"2015-11-15 19:14:05","2015-11-15 19:14:05",1
292,"LALALA 幸せの歌",1,"2015-11-15 19:14:05","2015-11-15 19:14:05",1
293,"最高級のエンジョイGIRLS",1,"2015-11-15 19:14:05","2015-11-15 19:14:05",1
294,"スイーーツ→→→ライブ",1,"2015-11-15 19:14:05","2015-11-15 19:14:05",1
295,"乙女COCORO",1,"2015-11-15 19:14:05","2015-11-15 19:14:05",1
296,"ほめられ伸び子のテーマ曲",1,"2015-11-15 19:14:05","2015-11-15 19:14:05",1
297,"ドドンガドン音頭",1,"2015-11-15 19:14:05","2015-11-15 19:14:05",1
298,"晴れのプラチナ通り",1,"2015-11-15 19:14:05","2015-11-15 19:14:05",1
299,"イメージカラー",1,"2015-11-15 19:14:05","2015-11-15 19:14:05",1
300,"涙の色",1,"2015-11-15 19:14:05","2015-11-15 19:14:05",1
301,"ダーリン I LOVE YOU (℃-ute Ver.)",1,"2015-11-15 19:14:05","2015-11-15 19:14:05",1
302,"「忘れたくない夏」",1,"2015-11-15 19:14:05","2015-11-15 19:14:05",1
303,"江戸の手毬唄II",1,"2015-11-15 19:14:05","2015-11-15 19:14:05",1
304,"FOREVER LOVE",1,"2015-11-15 19:14:05","2015-11-15 19:14:05",1
305,"セブンティーンズ　VOW",1,"2015-11-15 19:14:05","2015-11-15 19:14:05",1
306,"One's LIFE",1,"2015-11-15 19:14:05","2015-11-15 19:14:05",1
307,"約束は特にしないわ",1,"2015-11-15 19:14:05","2015-11-15 19:14:05",1
308,"SHINES",1,"2015-11-15 19:14:05","2015-11-15 19:14:05",1
309,"Big dreams",1,"2015-11-15 19:14:05","2015-11-15 19:14:05",1
310,"★憧れ My STAR★",1,"2015-11-15 19:14:05","2015-11-15 19:14:05",1
311,"Yes! all my family",1,"2015-11-15 19:14:05","2015-11-15 19:14:05",1
312,"愛してる 愛してる",1,"2015-11-15 19:14:05","2015-11-15 19:14:05",1
313,"青春ソング",1,"2015-11-15 19:14:05","2015-11-15 19:14:05",1
314,"Bye Bye Bye!",1,"2015-11-15 19:14:05","2015-11-15 19:14:05",1
315,"Go Go Go!",1,"2015-11-15 19:14:05","2015-11-15 19:14:05",1
316,"暑中お見舞い申し上げます",1,"2015-11-15 19:14:05","2015-11-15 19:14:05",1
317,"「残暑 お見舞い 申し上げます」",1,"2015-11-15 19:14:05","2015-11-15 19:14:05",1
318,"愛は勝つ",1,"2015-11-15 19:14:05","2015-11-15 19:14:05",1
319,"甘い罠",1,"2015-11-15 19:14:05","2015-11-15 19:14:05",1
320,"EVERYDAY 絶好調!!",1,"2015-11-15 19:14:05","2015-11-15 19:14:05",1
321,"生きようぜ！",1,"2015-11-15 19:14:05","2015-11-15 19:14:05",1
322,"SHOCK!",1,"2015-11-15 19:14:05","2015-11-15 19:14:05",1
323,"夢があるから",1,"2015-11-15 19:14:05","2015-11-15 19:14:05",1
324,"四月宣言",1,"2015-11-15 19:14:05","2015-11-15 19:14:05",1
325,"The Party!",1,"2015-11-15 19:14:05","2015-11-15 19:14:05",1
326,"嗚呼 恋",1,"2015-11-15 19:14:05","2015-11-15 19:14:05",1
327,"君の戦法",1,"2015-11-15 19:14:05","2015-11-15 19:14:05",1
328,"Lonely girl's night",1,"2015-11-15 19:14:05","2015-11-15 19:14:05",1
329,"立ち上がれ 乙女達",1,"2015-11-15 19:14:05","2015-11-15 19:14:05",1
330,"キャンパスライフ〜生まれて来てよかった〜",1,"2015-11-15 19:14:05","2015-11-15 19:14:05",1
331,"これ以上 嫌われたくないの",1,"2015-11-15 19:14:05","2015-11-15 19:14:05",1
332,"Danceでバコーン!",1,"2015-11-15 19:14:05","2015-11-15 19:14:05",1
333,"青春!無限パワー",1,"2015-11-15 19:14:05","2015-11-15 19:14:05",1
334,"会いたいロンリークリスマス",1,"2015-11-15 19:14:05","2015-11-15 19:14:05",1
335,"二十歳前の女の子",1,"2015-11-15 19:14:05","2015-11-15 19:14:05",1
336,"Kiss me 愛してる",1,"2015-11-15 19:14:05","2015-11-15 19:14:05",1
337,"3番ホーム 3両目",1,"2015-11-15 19:14:05","2015-11-15 19:14:05",1
338,"サークル",1,"2015-11-15 19:14:05","2015-11-15 19:14:05",1
339,"別れたくない…",1,"2015-11-15 19:14:05","2015-11-15 19:14:05",1
340,"ルルルルル",1,"2015-11-15 19:14:05","2015-11-15 19:14:05",1
341,"いざ、進め! Steady go!",1,"2015-11-15 19:14:05","2015-11-15 19:14:05",1
342,"Midnight Temptation",1,"2015-11-15 19:14:05","2015-11-15 19:14:05",1
343,"超WONDERFUL!",1,"2015-11-15 19:14:05","2015-11-15 19:14:05",1
344,"FARAWAY",1,"2015-11-15 19:14:05","2015-11-15 19:14:05",1
345,"桃色スパークリング",1,"2015-11-15 19:14:05","2015-11-15 19:14:05",1
346,"世界一HAPPYな女の子",1,"2015-11-15 19:14:05","2015-11-15 19:14:05",1
347,"偉大な力を！",1,"2015-11-15 19:14:05","2015-11-15 19:14:05",1
348,"嫌いで嫌いで嫌い",1,"2015-11-15 19:14:05","2015-11-15 19:14:05",1
349,"都会のネオンが驚くくらいの美しさがほしい",1,"2015-11-15 19:14:05","2015-11-15 19:14:05",1
350,"青春劇場(℃-ute Ver.)",1,"2015-11-15 19:14:05","2015-11-15 19:14:05",1
351,"幸せの途中",1,"2015-11-15 19:14:05","2015-11-15 19:14:05",1
352,"ズンタカマーチ〜人らしく生きよう〜",1,"2015-11-15 19:14:05","2015-11-15 19:14:05",1
353,"ひとり占めしたかっただけなのに",1,"2015-11-15 19:14:05","2015-11-15 19:14:05",1
354,"輝け！放課後",1,"2015-11-15 19:14:05","2015-11-15 19:14:05",1
355,"行け！元気君",1,"2015-11-15 19:14:05","2015-11-15 19:14:05",1
356,"「愛はいつもいつも」",1,"2015-11-15 19:14:05","2015-11-15 19:14:05",1
357,"君は自転車 私は電車で帰宅",1,"2015-11-15 19:14:05","2015-11-15 19:14:05",1
358,"最高ミュージック",1,"2015-11-15 19:14:05","2015-11-15 19:14:05",1
359,"悲しきヘブン",1,"2015-11-15 19:14:05","2015-11-15 19:14:05",1
360,"会いたい 会いたい 会いたいな",1,"2015-11-15 19:14:06","2015-11-15 19:14:06",1
361,"「大好き」の意味を教えて!",1,"2015-11-15 19:14:06","2015-11-15 19:14:06",1
362,"青春ソング(2012神聖なるVer.)",1,"2015-11-15 19:14:06","2015-11-15 19:14:06",1
363,"江戸の手毬唄II(2012神聖なるVer.)",1,"2015-11-15 19:14:06","2015-11-15 19:14:06",1
364,"大きな愛でもてなして(2012神聖なるVer.)",1,"2015-11-15 19:14:06","2015-11-15 19:14:06",1
365,"LALALA 幸せの歌(2012神聖なるVer.)",1,"2015-11-15 19:14:06","2015-11-15 19:14:06",1
366,"ハエ男",1,"2015-11-15 19:14:06","2015-11-15 19:14:06",1
367,"この街",1,"2015-11-15 19:14:06","2015-11-15 19:14:06",1
368,"雨",1,"2015-11-15 19:14:06","2015-11-15 19:14:06",1
369,"ザ☆トレジャーボックス",1,"2015-11-15 19:14:06","2015-11-15 19:14:06",1
370,"Crazy 完全な大人",1,"2015-11-15 19:14:06","2015-11-15 19:14:06",1
371,"私は天才",1,"2015-11-15 19:14:06","2015-11-15 19:14:06",1
372,"地球からの三重奏",1,"2015-11-15 19:14:06","2015-11-15 19:14:06",1
373,"あったかい腕で包んで",1,"2015-11-15 19:14:06","2015-11-15 19:14:06",1
374,"誰にも内緒の恋しているの",1,"2015-11-15 19:14:06","2015-11-15 19:14:06",1
375,"アダムとイブのジレンマ",1,"2015-11-15 19:14:06","2015-11-15 19:14:06",1
376,"悲しき雨降り",1,"2015-11-15 19:14:06","2015-11-15 19:14:06",1
377,"私が本気を出す夜",1,"2015-11-15 19:14:06","2015-11-15 19:14:06",1
378,"浴びる程の愛をください",1,"2015-11-15 19:14:06","2015-11-15 19:14:06",1
379,"日曜日は大好きよ",1,"2015-11-15 19:14:06","2015-11-15 19:14:06",1
380,"たどり着いた女戦士",1,"2015-11-15 19:14:06","2015-11-15 19:14:06",1
381,"涙も出ない 悲しくもない なんにもしたくない",1,"2015-11-15 19:14:06","2015-11-15 19:14:06",1
382,"ベーグルにハム＆チーズ",1,"2015-11-15 19:14:06","2015-11-15 19:14:06",1
383,"誘惑の休日",1,"2015-11-15 19:14:06","2015-11-15 19:14:06",1
384,"Please, love me more!",1,"2015-11-15 19:14:06","2015-11-15 19:14:06",1
385,"愛ってもっと斬新",1,"2015-11-15 19:14:06","2015-11-15 19:14:06",1
386,"都会の一人暮らし",1,"2015-11-15 19:14:06","2015-11-15 19:14:06",1
387,"Love take it all",1,"2015-11-15 19:14:06","2015-11-15 19:14:06",1
388,"心の叫びを歌にしてみた",1,"2015-11-15 19:14:06","2015-11-15 19:14:06",1
389,"悲しきヘブン (Single Version)",1,"2015-11-15 19:14:06","2015-11-15 19:14:06",1
390,"The Power",1,"2015-11-15 19:14:06","2015-11-15 19:14:06",1
391,"THE FUTURE",1,"2015-11-15 19:14:06","2015-11-15 19:14:06",1
392,"I miss you",1,"2015-11-15 19:14:06","2015-11-15 19:14:06",1
393,"次の角を曲がれ",1,"2015-11-15 19:14:06","2015-11-15 19:14:06",1
394,"我武者LIFE",1,"2015-11-15 19:14:06","2015-11-15 19:14:06",1
395,"The Middle Management 〜女性中間管理職〜",1,"2015-11-15 19:14:06","2015-11-15 19:14:06",1
396,"嵐を起こすんだ Exciting Fight！",1,"2015-11-15 19:14:06","2015-11-15 19:14:06",1
397,"ありがとう〜無限のエール〜",1,"2015-11-15 19:14:06","2015-11-15 19:14:06",1
398,"私が言う前に抱きしめなきゃね",4,"2015-11-15 19:14:17","2015-11-15 19:14:17",1
399,"五月雨美女がさ乱れる",4,"2015-11-15 19:14:17","2015-11-15 19:14:17",1
400,"ロマンスの途中",4,"2015-11-15 19:14:17","2015-11-15 19:14:17",1
401,"初めてを経験中",4,"2015-11-15 19:14:17","2015-11-15 19:14:17",1
402,"イジワルしないで 抱きしめてよ",4,"2015-11-15 19:14:17","2015-11-15 19:14:17",1
403,"アレコレしたい！",4,"2015-11-15 19:14:17","2015-11-15 19:14:17",1
404,"裸の裸の裸のKISS",4,"2015-11-15 19:14:17","2015-11-15 19:14:17",1
405,"風に吹かれて",4,"2015-11-15 19:14:17","2015-11-15 19:14:17",1
406,"ブラックバタフライ",4,"2015-11-15 19:14:17","2015-11-15 19:14:17",1
407,"伊達じゃないよ うちの人生は",4,"2015-11-15 19:14:17","2015-11-15 19:14:17",1
408,"背伸び",4,"2015-11-15 19:14:17","2015-11-15 19:14:17",1
409,"天まで登れ！",4,"2015-11-15 19:14:17","2015-11-15 19:14:17",1
410,"Ca va ? Ca va ?",4,"2015-11-15 19:14:17","2015-11-15 19:14:17",1
411,"Wonderful World",4,"2015-11-15 19:14:17","2015-11-15 19:14:17",1
412,"続いていくSTORY",4,"2015-11-15 19:14:17","2015-11-15 19:14:17",1
413,"未来へ、さあ走り出せ！",4,"2015-11-15 19:14:17","2015-11-15 19:14:17",1
414,"チクタク 私の旬",4,"2015-11-15 19:14:17","2015-11-15 19:14:17",1
415,"愛のダイビング",4,"2015-11-15 19:14:17","2015-11-15 19:14:17",1
416,"GIRLS BE AMBITIOUS",4,"2015-11-15 19:14:17","2015-11-15 19:14:17",1
417,"選ばれし私達",4,"2015-11-15 19:14:17","2015-11-15 19:14:17",1
418,"生まれたてのBaby Love",4,"2015-11-15 19:14:17","2015-11-15 19:14:17",1
419,"愛・愛・傘",4,"2015-11-15 19:14:17","2015-11-15 19:14:17",1
420,"CHOICE & CHANCE",4,"2015-11-15 19:14:17","2015-11-15 19:14:17",1
421,"スクランブル",4,"2015-11-15 19:14:17","2015-11-15 19:14:17",1
422,"鳴り始めた恋のBELL",4,"2015-11-15 19:14:17","2015-11-15 19:14:17",1
423,"香水(J=J 2015Ver.)",4,"2015-11-15 19:14:17","2015-11-15 19:14:17",1
424,"Magic of Love(J=J 2015Ver.)",4,"2015-11-15 19:14:17","2015-11-15 19:14:17",1
425,"ラストキッス",4,"2015-11-15 19:14:17","2015-11-15 19:14:17",1
426,"BABY! 恋に KNOCK OUT!",4,"2015-11-15 19:14:17","2015-11-15 19:14:17",1
427,"だってのにやってられん!",2,"2015-11-15 19:14:38","2015-11-15 19:14:38",1
428,"モーニングコーヒー",2,"2015-11-15 19:14:38","2015-11-15 19:14:38",1
429,"愛の種",2,"2015-11-15 19:14:38","2015-11-15 19:14:38",1
430,"サマーナイトタウン",2,"2015-11-15 19:14:38","2015-11-15 19:14:38",1
431,"A MEMORY OF SUMMER'98",2,"2015-11-15 19:14:38","2015-11-15 19:14:38",1
432,"ワガママ",2,"2015-11-15 19:14:38","2015-11-15 19:14:38",1
433,"ウソつきあんた",2,"2015-11-15 19:14:38","2015-11-15 19:14:38",1
434,"どうにかして土曜日",2,"2015-11-15 19:14:38","2015-11-15 19:14:38",1
435,"さみしい日",2,"2015-11-15 19:14:38","2015-11-15 19:14:38",1
436,"未来の扉",2,"2015-11-15 19:14:38","2015-11-15 19:14:38",1
437,"夢の中",2,"2015-11-15 19:14:38","2015-11-15 19:14:38",1
438,"Good Morning",2,"2015-11-15 19:14:38","2015-11-15 19:14:38",1
439,"抱いてHOLD ON ME!",2,"2015-11-15 19:14:38","2015-11-15 19:14:38",1
440,"例えば",2,"2015-11-15 19:14:38","2015-11-15 19:14:38",1
441,"おねがいネイル",2,"2015-11-15 19:14:38","2015-11-15 19:14:38",1
442,"Memory 青春の光",2,"2015-11-15 19:14:38","2015-11-15 19:14:38",1
443,"Never Forget",2,"2015-11-15 19:14:38","2015-11-15 19:14:38",1
444,"Happy Night",2,"2015-11-15 19:14:38","2015-11-15 19:14:38",1
445,"真夏の光線",2,"2015-11-15 19:14:38","2015-11-15 19:14:38",1
446,"恋の始発列車",2,"2015-11-15 19:14:38","2015-11-15 19:14:38",1
447,"ふるさと",2,"2015-11-15 19:14:38","2015-11-15 19:14:38",1
448,"忘れらんない",2,"2015-11-15 19:14:38","2015-11-15 19:14:38",1
449,"ダディドゥデドダディ！",2,"2015-11-15 19:14:38","2015-11-15 19:14:38",1
450,"乙女の心理学",2,"2015-11-15 19:14:38","2015-11-15 19:14:38",1
451,"せんこう花火",2,"2015-11-15 19:14:38","2015-11-15 19:14:38",1
452,"パパに似ている彼",2,"2015-11-15 19:14:39","2015-11-15 19:14:39",1
453,"好きで×5",2,"2015-11-15 19:14:39","2015-11-15 19:14:39",1
454,"NIGHT OF TOKYO CITY",2,"2015-11-15 19:14:39","2015-11-15 19:14:39",1
455,"LOVEマシーン",2,"2015-11-15 19:14:39","2015-11-15 19:14:39",1
456,"",2,"2015-11-15 19:14:39","2015-11-15 19:14:39",1
457,"21世紀",2,"2015-11-15 19:14:39","2015-11-15 19:14:39",1
458,"恋のダンスサイト",2,"2015-11-15 19:14:39","2015-11-15 19:14:39",1
459,"恋はロケンロー",2,"2015-11-15 19:14:39","2015-11-15 19:14:39",1
460,"DANCEするのだ!",2,"2015-11-15 19:14:39","2015-11-15 19:14:39",1
461,"〜おはよう〜",2,"2015-11-15 19:14:39","2015-11-15 19:14:39",1
462,"〜おやすみ〜",2,"2015-11-15 19:14:39","2015-11-15 19:14:39",1
463,"「、、、好きだよ！」",2,"2015-11-15 19:14:39","2015-11-15 19:14:39",1
464,"WHY",2,"2015-11-15 19:14:39","2015-11-15 19:14:39",1
465,"原宿6:00集合",2,"2015-11-15 19:14:39","2015-11-15 19:14:39",1
466,"おもいで",2,"2015-11-15 19:14:39","2015-11-15 19:14:39",1
467,"ランチタイム 〜レバニラ炒め〜",2,"2015-11-15 19:14:39","2015-11-15 19:14:39",1
468,"くちづけのその後",2,"2015-11-15 19:14:39","2015-11-15 19:14:39",1
469,"愛車 ローンで",2,"2015-11-15 19:14:39","2015-11-15 19:14:39",1
470,"ハッピーサマーウェディング",2,"2015-11-15 19:14:39","2015-11-15 19:14:39",1
471,"通学列車",2,"2015-11-15 19:14:39","2015-11-15 19:14:39",1
472,"I WISH",2,"2015-11-15 19:14:39","2015-11-15 19:14:39",1
473,"あこがれ My Boy",2,"2015-11-15 19:14:39","2015-11-15 19:14:39",1
474,"恋愛レボリューション21",2,"2015-11-15 19:14:39","2015-11-15 19:14:39",1
475,"インスピレーション！",2,"2015-11-15 19:14:39","2015-11-15 19:14:39",1
476,"Say Yeah!〜もっとミラクルナイト〜",2,"2015-11-15 19:14:39","2015-11-15 19:14:39",1
477,"初めてのハッピーバースディ！",2,"2015-11-15 19:14:39","2015-11-15 19:14:39",1
478,"ザ☆ピ〜ス！",2,"2015-11-15 19:14:39","2015-11-15 19:14:39",1
479,"でっかい宇宙に愛がある",2,"2015-11-15 19:14:39","2015-11-15 19:14:39",1
480,"DON'T STOP 人生",2,"2015-11-15 19:14:39","2015-11-15 19:14:39",1
481,"恋人は心の応援団",2,"2015-11-15 19:14:39","2015-11-15 19:14:39",1
482,"Mr.Moonlight〜愛のビックバンド〜",2,"2015-11-15 19:14:39","2015-11-15 19:14:39",1
483,"ポップコーンラブ！",2,"2015-11-15 19:14:39","2015-11-15 19:14:39",1
484,"そうだ！ We're ALIVE",2,"2015-11-15 19:14:39","2015-11-15 19:14:39",1
485,"いいことある記念の瞬間",2,"2015-11-15 19:14:39","2015-11-15 19:14:39",1
486,"初めてのロックコンサート",2,"2015-11-15 19:14:39","2015-11-15 19:14:39",1
487,"男友達",2,"2015-11-15 19:14:39","2015-11-15 19:14:39",1
488,"いきまっしょい！",2,"2015-11-15 19:14:39","2015-11-15 19:14:39",1
489,"電車の二人",2,"2015-11-15 19:14:39","2015-11-15 19:14:39",1
490,"本気で熱いテーマソング",2,"2015-11-15 19:14:39","2015-11-15 19:14:39",1
491,"好きな先輩",2,"2015-11-15 19:14:39","2015-11-15 19:14:39",1
492,"なんにも言わずにI LOVE YOU",2,"2015-11-15 19:14:39","2015-11-15 19:14:39",1
493,"色っぽい女〜SEXY BABY〜",2,"2015-11-15 19:14:39","2015-11-15 19:14:39",1
494,"Do it! Now",2,"2015-11-15 19:14:39","2015-11-15 19:14:39",1
495,"ちょっとイカした PURE BOY",2,"2015-11-15 19:14:39","2015-11-15 19:14:39",1
496,"ここにいるぜぇ！",2,"2015-11-15 19:14:39","2015-11-15 19:14:39",1
497,"純LOVER",2,"2015-11-15 19:14:39","2015-11-15 19:14:39",1
498,"BYE BYE最後の夜",2,"2015-11-15 19:14:39","2015-11-15 19:14:39",1
499,"HEY！未来",2,"2015-11-15 19:14:39","2015-11-15 19:14:39",1
500,"がんばっちゃえ！",2,"2015-11-15 19:14:39","2015-11-15 19:14:39",1
501,"モーニング娘。のひょっこりひょうたん島",2,"2015-11-15 19:14:39","2015-11-15 19:14:39",1
502,"宝石箱",2,"2015-11-15 19:14:39","2015-11-15 19:14:39",1
503,"友達(♀)が気に入っている男からの伝言",2,"2015-11-15 19:14:39","2015-11-15 19:14:39",1
504,"TOP！",2,"2015-11-15 19:14:39","2015-11-15 19:14:39",1
505,"「すっごい仲間」",2,"2015-11-15 19:14:39","2015-11-15 19:14:39",1
506,"強気で行こうぜ！",2,"2015-11-15 19:14:39","2015-11-15 19:14:39",1
507,"女神〜Mousseな優しさ〜",2,"2015-11-15 19:14:39","2015-11-15 19:14:39",1
508,"YES！POCKY GIRLS",2,"2015-11-15 19:14:39","2015-11-15 19:14:39",1
509,"「すごく好きなのに…ね」",2,"2015-11-15 19:14:39","2015-11-15 19:14:39",1
510,"卒業旅行〜モーニング娘。旅立つ人に贈る唄〜",2,"2015-11-15 19:14:39","2015-11-15 19:14:39",1
511,"AS FOR ONE DAY",2,"2015-11-15 19:14:39","2015-11-15 19:14:39",1
512,"母と娘のデュエットソング",2,"2015-11-15 19:14:39","2015-11-15 19:14:39",1
513,"浮気なハニーパイ",2,"2015-11-15 19:14:39","2015-11-15 19:14:39",1
514,"恋がステキな季節",2,"2015-11-15 19:14:39","2015-11-15 19:14:39",1
515,"シャボン玉",2,"2015-11-15 19:14:39","2015-11-15 19:14:39",1
516,"涙にはしたくない",2,"2015-11-15 19:14:39","2015-11-15 19:14:39",1
517,"愛の園〜Touch My Heart!〜",2,"2015-11-15 19:14:39","2015-11-15 19:14:39",1
518,"晴れ 雨 のち スキ",2,"2015-11-15 19:14:39","2015-11-15 19:14:39",1
519,"Go Girl〜恋のヴィクトリー〜",2,"2015-11-15 19:14:39","2015-11-15 19:14:39",1
520,"恋ING(アイエヌジー)",2,"2015-11-15 19:14:39","2015-11-15 19:14:39",1
521,"先輩〜LOVE AGAIN〜",2,"2015-11-15 19:14:39","2015-11-15 19:14:39",1
522,"愛あらばIT'S ALL RIGHT",2,"2015-11-15 19:14:39","2015-11-15 19:14:39",1
523,"出来る女",2,"2015-11-15 19:14:39","2015-11-15 19:14:39",1
524,"友情〜心のブスにはならねぇ！〜",2,"2015-11-15 19:14:39","2015-11-15 19:14:39",1
525,"さくら満開",2,"2015-11-15 19:14:39","2015-11-15 19:14:39",1
526,"浪漫〜MY DEAR BOY〜",2,"2015-11-15 19:14:39","2015-11-15 19:14:39",1
527,"ファインエモーション！",2,"2015-11-15 19:14:39","2015-11-15 19:14:39",1
528,"女子かしまし物語",2,"2015-11-15 19:14:39","2015-11-15 19:14:39",1
529,"がんばれ 日本 サッカー ファイト！",2,"2015-11-15 19:14:39","2015-11-15 19:14:39",1
530,"シャイニング愛しき貴方",2,"2015-11-15 19:14:39","2015-11-15 19:14:39",1
531,"涙が止まらない放課後",2,"2015-11-15 19:14:39","2015-11-15 19:14:39",1
532,"寝坊です。デートなのに…",2,"2015-11-15 19:14:39","2015-11-15 19:14:39",1
533,"すき焼き",2,"2015-11-15 19:14:39","2015-11-15 19:14:39",1
534,"春の歌",2,"2015-11-15 19:14:39","2015-11-15 19:14:39",1
535,"直感〜時として恋は〜",2,"2015-11-15 19:14:39","2015-11-15 19:14:39",1
536,"独占欲",2,"2015-11-15 19:14:39","2015-11-15 19:14:39",1
537,"レモン色とミルクティ",2,"2015-11-15 19:14:39","2015-11-15 19:14:39",1
538,"声",2,"2015-11-15 19:14:39","2015-11-15 19:14:39",1
539,"HELP!!",2,"2015-11-15 19:14:39","2015-11-15 19:14:39",1
540,"女子かしまし物語2",2,"2015-11-15 19:14:39","2015-11-15 19:14:39",1
541,"HELP!!〜エコモニ。の熱っちぃ地球を冷ますんだっ。2005〜",2,"2015-11-15 19:14:39","2015-11-15 19:14:39",1
542,"THE マンパワー!!!",2,"2015-11-15 19:14:39","2015-11-15 19:14:39",1
543,"ラヴ＆ピィ〜ス！HEROがやって来たっ。",2,"2015-11-15 19:14:39","2015-11-15 19:14:39",1
544,"大阪 恋の歌",2,"2015-11-15 19:14:39","2015-11-15 19:14:39",1
545,"NATURE IS GOOD!",2,"2015-11-15 19:14:39","2015-11-15 19:14:39",1
546,"色っぽい じれったい",2,"2015-11-15 19:14:39","2015-11-15 19:14:39",1
547,"愛と太陽に包まれて",2,"2015-11-15 19:14:39","2015-11-15 19:14:39",1
548,"直感2〜逃した魚は大きいぞ！〜",2,"2015-11-15 19:14:39","2015-11-15 19:14:39",1
549,"恋は発想　Do The Hustle!",2,"2015-11-15 19:14:39","2015-11-15 19:14:39",1
550,"レインボーピンク",2,"2015-11-15 19:14:39","2015-11-15 19:14:39",1
551,"INDIGO BLUE LOVE",2,"2015-11-15 19:14:39","2015-11-15 19:14:39",1
552,"HOW DO YOU LIKE JAPAN?〜日本はどんな感じでっか?〜",2,"2015-11-15 19:14:39","2015-11-15 19:14:39",1
553,"青空がいつまでも続くような未来であれ!",2,"2015-11-15 19:14:39","2015-11-15 19:14:39",1
554,"パープルウインド",2,"2015-11-15 19:14:39","2015-11-15 19:14:39",1
555,"さよなら SEE YOU AGAIN アディオス BYE BYE チャッチャ!",2,"2015-11-15 19:14:39","2015-11-15 19:14:39",1
556,"女子かしまし物語3",2,"2015-11-15 19:14:39","2015-11-15 19:14:39",1
557,"無色透明なままで",2,"2015-11-15 19:14:39","2015-11-15 19:14:39",1
558,"SEXY BOY〜そよ風に寄り添って〜",2,"2015-11-15 19:14:39","2015-11-15 19:14:39",1
559,"チャンス チャンス ブギ",2,"2015-11-15 19:14:39","2015-11-15 19:14:39",1
560,"Ambitious!野心的でいいじゃん",2,"2015-11-15 19:14:39","2015-11-15 19:14:39",1
561,"わたしがついてる。",2,"2015-11-15 19:14:39","2015-11-15 19:14:39",1
562,"恋☆カナ",2,"2015-11-15 19:14:39","2015-11-15 19:14:39",1
563,"SUGAO-flavor",2,"2015-11-15 19:14:39","2015-11-15 19:14:39",1
564,"バラライカ",2,"2015-11-15 19:14:39","2015-11-15 19:14:39",1
565,"水色メロディ",2,"2015-11-15 19:14:39","2015-11-15 19:14:39",1
566,"歩いてる",2,"2015-11-15 19:14:39","2015-11-15 19:14:39",1
567,"踊れ!モーニングカレー",2,"2015-11-15 19:14:39","2015-11-15 19:14:39",1
568,"雪/愛×あなた≧好き",2,"2015-11-15 19:14:39","2015-11-15 19:14:39",1
569,"キラキラ冬のシャイニーG",2,"2015-11-15 19:14:39","2015-11-15 19:14:39",1
570,"寒いから冬だもん!〜どうもこうもないっすよミキティ〜",2,"2015-11-15 19:14:39","2015-11-15 19:14:39",1
571,"コタツの歌〜jyuken story〜",2,"2015-11-15 19:14:39","2015-11-15 19:14:39",1
572,"僕らが生きる MY ASIA",2,"2015-11-15 19:14:39","2015-11-15 19:14:39",1
573,"十年愛",2,"2015-11-15 19:14:39","2015-11-15 19:14:39",1
574,"笑顔YESヌード",2,"2015-11-15 19:14:39","2015-11-15 19:14:39",1
575,"サヨナラのかわりに",2,"2015-11-15 19:14:39","2015-11-15 19:14:39",1
576,"星のしずく",2,"2015-11-15 19:14:39","2015-11-15 19:14:39",1
577,"恋花火",2,"2015-11-15 19:14:39","2015-11-15 19:14:39",1
578,"Spaghetti",2,"2015-11-15 19:14:39","2015-11-15 19:14:39",1
579,"Loveだよ☆ダーリン",2,"2015-11-15 19:14:39","2015-11-15 19:14:39",1
580,"I miss you",2,"2015-11-15 19:14:39","2015-11-15 19:14:39",1
581,"EVERYDAY PRECIOUS DAY",2,"2015-11-15 19:14:39","2015-11-15 19:14:39",1
582,"元気+",2,"2015-11-15 19:14:39","2015-11-15 19:14:39",1
583,"未来の太陽",2,"2015-11-15 19:14:39","2015-11-15 19:14:39",1
584,"BE ポジティブ!",2,"2015-11-15 19:14:39","2015-11-15 19:14:39",1
585,"春 ビューティフル エブリディ",2,"2015-11-15 19:14:39","2015-11-15 19:14:39",1
586,"宝の箱",2,"2015-11-15 19:14:39","2015-11-15 19:14:39",1
587,"シャニムニ パラダイス",2,"2015-11-15 19:14:39","2015-11-15 19:14:39",1
588,"その出会いのために",2,"2015-11-15 19:14:39","2015-11-15 19:14:39",1
589,"悲しみトワイライト",2,"2015-11-15 19:14:39","2015-11-15 19:14:39",1
590,"Hand made CITY",2,"2015-11-15 19:14:39","2015-11-15 19:14:39",1
591,"ハッピー☆彡",2,"2015-11-15 19:14:39","2015-11-15 19:14:39",1
592,"恋の魔法はハビビのビ!",2,"2015-11-15 19:14:39","2015-11-15 19:14:39",1
593,"女に　幸あれ",2,"2015-11-15 19:14:39","2015-11-15 19:14:39",1
594,"Please!自由の扉",2,"2015-11-15 19:14:39","2015-11-15 19:14:39",1
595,"愛しき悪友(とも)へ",2,"2015-11-15 19:14:39","2015-11-15 19:14:39",1
596,"未知なる未来へ",2,"2015-11-15 19:14:39","2015-11-15 19:14:39",1
597,"HELLO TO YOU 〜ハロー!プロジェクト10周年記念テーマ〜",2,"2015-11-15 19:14:39","2015-11-15 19:14:39",1
598,"チャンス！",2,"2015-11-15 19:14:39","2015-11-15 19:14:39",1
599,"ラムタラ",2,"2015-11-15 19:14:39","2015-11-15 19:14:39",1
600,"みかん",2,"2015-11-15 19:14:39","2015-11-15 19:14:39",1
601,"ボン キュッ! ボン キュッ! BOMB GIRL",2,"2015-11-15 19:14:39","2015-11-15 19:14:39",1
602,"Olala",2,"2015-11-15 19:14:39","2015-11-15 19:14:39",1
603,"ヒマワリ",2,"2015-11-15 19:14:39","2015-11-15 19:14:39",1
604,"こんにちぱ",2,"2015-11-15 19:14:39","2015-11-15 19:14:39",1
605,"very! berry! strawberry!",2,"2015-11-15 19:14:39","2015-11-15 19:14:39",1
606,"幸せクローバー",2,"2015-11-15 19:14:39","2015-11-15 19:14:39",1
607,"リゾナント ブルー",2,"2015-11-15 19:14:39","2015-11-15 19:14:39",1
608,"その場面でビビっちゃいけないじゃん!",2,"2015-11-15 19:14:39","2015-11-15 19:14:39",1
609,"Oh!トモダチ",2,"2015-11-15 19:14:39","2015-11-15 19:14:39",1
610,"パパンケーキ",2,"2015-11-15 19:14:39","2015-11-15 19:14:39",1
611,"ロマンス",2,"2015-11-15 19:14:39","2015-11-15 19:14:39",1
612,"ペッパー警部",2,"2015-11-15 19:14:39","2015-11-15 19:14:39",1
613,"居酒屋",2,"2015-11-15 19:14:39","2015-11-15 19:14:39",1
614,"ピンポンパン体操",2,"2015-11-15 19:14:39","2015-11-15 19:14:39",1
615,"街の灯り",2,"2015-11-15 19:14:39","2015-11-15 19:14:39",1
616,"ジョニイへの伝言",2,"2015-11-15 19:14:39","2015-11-15 19:14:39",1
617,"UFO",2,"2015-11-15 19:14:39","2015-11-15 19:14:39",1
618,"わたしの青い鳥",2,"2015-11-15 19:14:39","2015-11-15 19:14:39",1
619,"恋のダイヤル6700",2,"2015-11-15 19:14:39","2015-11-15 19:14:39",1
620,"林檎殺人事件",2,"2015-11-15 19:14:39","2015-11-15 19:14:39",1
621,"青春時代",2,"2015-11-15 19:14:39","2015-11-15 19:14:39",1
622,"白い蝶のサンバ",2,"2015-11-15 19:14:39","2015-11-15 19:14:39",1
623,"どうにもとまらない",2,"2015-11-15 19:14:39","2015-11-15 19:14:39",1
624,"渚のシンドバッド",2,"2015-11-15 19:14:39","2015-11-15 19:14:39",1
625,"夢のバルーン",2,"2015-11-15 19:14:39","2015-11-15 19:14:39",1
626,"ソラミミドレミ",2,"2015-11-15 19:14:39","2015-11-15 19:14:39",1
627,"パピーラブ",2,"2015-11-15 19:14:39","2015-11-15 19:14:39",1
628,"マスカラフル",2,"2015-11-15 19:14:40","2015-11-15 19:14:40",1
629,"ラブチク",2,"2015-11-15 19:14:40","2015-11-15 19:14:40",1
630,"コイサイン",2,"2015-11-15 19:14:40","2015-11-15 19:14:40",1
631,"はぴ☆はぴ サンデー!",2,"2015-11-15 19:14:40","2015-11-15 19:14:40",1
632,"ハッテン×JOY",2,"2015-11-15 19:14:40","2015-11-15 19:14:40",1
633,"弱虫",2,"2015-11-15 19:14:40","2015-11-15 19:14:40",1
634,"泣いちゃうかも",2,"2015-11-15 19:14:40","2015-11-15 19:14:40",1
635,"片思いの終わりに",2,"2015-11-15 19:14:40","2015-11-15 19:14:40",1
636,"グルグルJUMP",2,"2015-11-15 19:14:40","2015-11-15 19:14:40",1
637,"情熱のキスを一つ",2,"2015-11-15 19:14:40","2015-11-15 19:14:40",1
638,"Take off is now!",2,"2015-11-15 19:14:40","2015-11-15 19:14:40",1
639,"It's You",2,"2015-11-15 19:14:40","2015-11-15 19:14:40",1
640,"私の魅力に 気付かない鈍感な人",2,"2015-11-15 19:14:40","2015-11-15 19:14:40",1
641,"雨の降らない星では愛せないだろう？",2,"2015-11-15 19:14:40","2015-11-15 19:14:40",1
642,"SONGS",2,"2015-11-15 19:14:40","2015-11-15 19:14:40",1
643,"しょうがない 夢追い人",2,"2015-11-15 19:14:40","2015-11-15 19:14:40",1
644,"3、2、1 BREAKIN' OUT!",2,"2015-11-15 19:14:40","2015-11-15 19:14:40",1
645,"秋麗(あきうらら)",2,"2015-11-15 19:14:40","2015-11-15 19:14:40",1
646,"なんちゃって恋愛",2,"2015-11-15 19:14:40","2015-11-15 19:14:40",1
647,"すべては愛の力",2,"2015-11-15 19:14:40","2015-11-15 19:14:40",1
648,"愛して 愛して 後一分",2,"2015-11-15 19:14:40","2015-11-15 19:14:40",1
649,"気まぐれプリンセス",2,"2015-11-15 19:14:40","2015-11-15 19:14:40",1
650,"女が目立って なぜイケナイ",2,"2015-11-15 19:14:40","2015-11-15 19:14:40",1
651,"泣き出すかもしれないよ",2,"2015-11-15 19:14:40","2015-11-15 19:14:40",1
652,"大きい瞳",2,"2015-11-15 19:14:40","2015-11-15 19:14:40",1
653,"あの日に戻りたい",2,"2015-11-15 19:14:40","2015-11-15 19:14:40",1
654,"大阪 美味いねん",2,"2015-11-15 19:14:40","2015-11-15 19:14:40",1
655,"雨の降らない星では愛せないだろう？(中国語Ver.)",2,"2015-11-15 19:14:40","2015-11-15 19:14:40",1
656,"Loving you forever",2,"2015-11-15 19:14:40","2015-11-15 19:14:40",1
657,"涙ッチ",2,"2015-11-15 19:14:40","2015-11-15 19:14:40",1
658,"元気ピカッピカッ!",2,"2015-11-15 19:14:40","2015-11-15 19:14:40",1
659,"Moonlight night 〜月夜の晩だよ〜",2,"2015-11-15 19:14:40","2015-11-15 19:14:40",1
660,"友(とも)",2,"2015-11-15 19:14:40","2015-11-15 19:14:40",1
661,"青春コレクション",2,"2015-11-15 19:14:40","2015-11-15 19:14:40",1
662,"くら寿司 ビッくらポン!",2,"2015-11-15 19:14:40","2015-11-15 19:14:40",1
663,"あっぱれ回転ずし!",2,"2015-11-15 19:14:40","2015-11-15 19:14:40",1
664,"愛され過ぎることはないのよ",2,"2015-11-15 19:14:40","2015-11-15 19:14:40",1
665,"女と男のララバイゲーム",2,"2015-11-15 19:14:40","2015-11-15 19:14:40",1
666,"電話でね",2,"2015-11-15 19:14:40","2015-11-15 19:14:40",1
667,"愛の炎",2,"2015-11-15 19:14:40","2015-11-15 19:14:40",1
668,"愛しく苦しいこの夜に",2,"2015-11-15 19:14:40","2015-11-15 19:14:40",1
669,"1から10まで愛してほしい",2,"2015-11-15 19:14:40","2015-11-15 19:14:40",1
670,"すんごいマイバースディ",2,"2015-11-15 19:14:40","2015-11-15 19:14:40",1
671,"I'm Lucky girl",2,"2015-11-15 19:14:40","2015-11-15 19:14:40",1
672,"女心となんとやら",2,"2015-11-15 19:14:40","2015-11-15 19:14:40",1
673,"Fantasyが始まる",2,"2015-11-15 19:14:40","2015-11-15 19:14:40",1
674,"ブラボー!",2,"2015-11-15 19:14:40","2015-11-15 19:14:40",1
675,"盗んだハートはココですよ?",2,"2015-11-15 19:14:40","2015-11-15 19:14:40",1
676,"ラーメンレボリューション2010 Long Type",2,"2015-11-15 19:14:40","2015-11-15 19:14:40",1
677,"もっと愛してほしいの",2,"2015-11-15 19:14:40","2015-11-15 19:14:40",1
678,"まじですかスカ!",2,"2015-11-15 19:14:40","2015-11-15 19:14:40",1
679,"モーニングコーヒー(2011ドリムス。Ver.)",2,"2015-11-15 19:14:40","2015-11-15 19:14:40",1
680,"恋人のような顔をして…",2,"2015-11-15 19:14:40","2015-11-15 19:14:40",1
681,"女子かしまし物語(2011ドリムス。Ver.)",2,"2015-11-15 19:14:40","2015-11-15 19:14:40",1
682,"あっと驚く未来がやってくる！",2,"2015-11-15 19:14:40","2015-11-15 19:14:40",1
683,"やめてよ！シンドバッド",2,"2015-11-15 19:14:40","2015-11-15 19:14:40",1
684,"Only you",2,"2015-11-15 19:14:40","2015-11-15 19:14:40",1
685,"自信持って 夢を持って 飛び立つから",2,"2015-11-15 19:14:40","2015-11-15 19:14:40",1
686,"彼と一緒にお店がしたい！",2,"2015-11-15 19:14:40","2015-11-15 19:14:40",1
687,"この地球の平和を本気で願ってるんだよ！",2,"2015-11-15 19:14:40","2015-11-15 19:14:40",1
688,"この愛を重ねて",2,"2015-11-15 19:14:40","2015-11-15 19:14:40",1
689,"シルバーの腕時計",2,"2015-11-15 19:14:40","2015-11-15 19:14:40",1
690,"好きだな君が",2,"2015-11-15 19:14:40","2015-11-15 19:14:40",1
691,"乙女のタイミング",2,"2015-11-15 19:14:40","2015-11-15 19:14:40",1
692,"OK YEAH!",2,"2015-11-15 19:14:40","2015-11-15 19:14:40",1
693,"My Way 〜女子校花道〜",2,"2015-11-15 19:14:40","2015-11-15 19:14:40",1
694,"怪傑ポジティブA",2,"2015-11-15 19:14:40","2015-11-15 19:14:40",1
695,"Give me 愛",2,"2015-11-15 19:14:40","2015-11-15 19:14:40",1
696,"かっちょ良い歌",2,"2015-11-15 19:14:40","2015-11-15 19:14:40",1
697,"悲しき恋のメロディー",2,"2015-11-15 19:14:40","2015-11-15 19:14:40",1
698,"ピョコピョコ ウルトラ",2,"2015-11-15 19:14:40","2015-11-15 19:14:40",1
699,"シャイニング バタフライ",2,"2015-11-15 19:14:40","2015-11-15 19:14:40",1
700,"笑顔に涙〜THANK YOU! DEAR MY FRIENDS〜",2,"2015-11-15 19:14:40","2015-11-15 19:14:40",1
701,"私がいて 君がいる",2,"2015-11-15 19:14:40","2015-11-15 19:14:40",1
702,"恋愛ハンター",2,"2015-11-15 19:14:40","2015-11-15 19:14:40",1
703,"The 摩天楼ショー",2,"2015-11-15 19:14:40","2015-11-15 19:14:40",1
704,"One・Two・Three",2,"2015-11-15 19:14:40","2015-11-15 19:14:40",1
705,"アイサレタイノニ…",2,"2015-11-15 19:14:40","2015-11-15 19:14:40",1
706,"青春ど真ん中",2,"2015-11-15 19:14:40","2015-11-15 19:14:40",1
707,"私の時代！",2,"2015-11-15 19:14:40","2015-11-15 19:14:40",1
708,"涙一滴(なみだひとしずく)",2,"2015-11-15 19:14:40","2015-11-15 19:14:40",1
709,"笑って！YOU",2,"2015-11-15 19:14:40","2015-11-15 19:14:40",1
710,"ラララのピピピ",2,"2015-11-15 19:14:40","2015-11-15 19:14:40",1
711,"地球が泣いている",2,"2015-11-15 19:14:40","2015-11-15 19:14:40",1
712,"ゼロから始まる青春",2,"2015-11-15 19:14:40","2015-11-15 19:14:40",1
713,"ドッカ〜ン カプリッチオ",2,"2015-11-15 19:14:40","2015-11-15 19:14:40",1
714,"Be Alive",2,"2015-11-15 19:14:40","2015-11-15 19:14:40",1
715,"What's Up? 愛はどうなのよ〜",2,"2015-11-15 19:14:40","2015-11-15 19:14:40",1
716,"普通の少女A",2,"2015-11-15 19:14:40","2015-11-15 19:14:40",1
717,"大好き100万点",2,"2015-11-15 19:14:40","2015-11-15 19:14:40",1
718,"信念だけは貫き通せ！",2,"2015-11-15 19:14:40","2015-11-15 19:14:40",1
719,"Loveイノベーション",2,"2015-11-15 19:14:40","2015-11-15 19:14:40",1
720,"ワクテカ Take a chance",2,"2015-11-15 19:14:40","2015-11-15 19:14:40",1
721,"なには友あれ！",2,"2015-11-15 19:14:40","2015-11-15 19:14:40",1
722,"大好きだから絶対に許さない",2,"2015-11-15 19:14:40","2015-11-15 19:14:40",1
723,"私のでっかい花",2,"2015-11-15 19:14:40","2015-11-15 19:14:40",1
724,"哀愁ロマンティック",2,"2015-11-15 19:14:40","2015-11-15 19:14:40",1
725,"Happy大作戦",2,"2015-11-15 19:14:40","2015-11-15 19:14:40",1
726,"Help me!!",2,"2015-11-15 19:14:40","2015-11-15 19:14:40",1
727,"いつもとおんなじ制服で",2,"2015-11-15 19:14:40","2015-11-15 19:14:40",1
728,"Rockの定義",2,"2015-11-15 19:14:40","2015-11-15 19:14:40",1
729,"トキメクトキメケ",2,"2015-11-15 19:14:40","2015-11-15 19:14:40",1
730,"A B C D E-cha E-chaしたい",2,"2015-11-15 19:14:40","2015-11-15 19:14:40",1
731,"君さえ居れば何も要らない",2,"2015-11-15 19:14:40","2015-11-15 19:14:40",1
732,"ブレインストーミング",2,"2015-11-15 19:14:40","2015-11-15 19:14:40",1
733,"ふんわり恋人一年生",2,"2015-11-15 19:14:40","2015-11-15 19:14:40",1
734,"坊や",2,"2015-11-15 19:14:40","2015-11-15 19:14:40",1
735,"愛の軍団",2,"2015-11-15 19:14:40","2015-11-15 19:14:40",1
736,"わがまま 気のまま 愛のジョーク",2,"2015-11-15 19:14:40","2015-11-15 19:14:40",1
737,"負ける気しない 今夜の勝負",2,"2015-11-15 19:14:40","2015-11-15 19:14:40",1
738,"ウルフボーイ",2,"2015-11-15 19:14:40","2015-11-15 19:14:40",1
739,"LOVEマシーン(updated)",2,"2015-11-15 19:14:40","2015-11-15 19:14:40",1
740,"What is LOVE?",2,"2015-11-15 19:14:40","2015-11-15 19:14:40",1
741,"君の代わりは居やしない",2,"2015-11-15 19:14:40","2015-11-15 19:14:40",1
742,"笑顔の君は太陽さ",2,"2015-11-15 19:14:41","2015-11-15 19:14:41",1
743,"Password is 0",2,"2015-11-15 19:14:41","2015-11-15 19:14:41",1
744,"時空を超え 宇宙を超え",2,"2015-11-15 19:14:41","2015-11-15 19:14:41",1
745,"見返り美人",2,"2015-11-15 19:14:41","2015-11-15 19:14:41",1
746,"シャバダバドゥ〜",2,"2015-11-15 19:14:41","2015-11-15 19:14:41",1
747,"TIKI BUN",2,"2015-11-15 19:14:41","2015-11-15 19:14:41",1
748,"大人になれば 大人になれる",2,"2015-11-15 19:14:41","2015-11-15 19:14:41",1
749,"キラリと光る星",2,"2015-11-15 19:14:41","2015-11-15 19:14:41",1
750,"恋人には絶対に知られたくない真実",2,"2015-11-15 19:14:41","2015-11-15 19:14:41",1
751,"笑えない話",2,"2015-11-15 19:14:41","2015-11-15 19:14:41",1
752,"私は私なんだ",2,"2015-11-15 19:14:41","2015-11-15 19:14:41",1
753,"明日を作るのは君",2,"2015-11-15 19:14:41","2015-11-15 19:14:41",1
754,"イマココカラ",2,"2015-11-15 19:14:41","2015-11-15 19:14:41",1
755,"夕暮れは雨上がり",2,"2015-11-15 19:14:41","2015-11-15 19:14:41",1
756,"青春小僧が泣いている",2,"2015-11-15 19:14:41","2015-11-15 19:14:41",1
757,"今すぐ飛び込む勇気",2,"2015-11-15 19:14:41","2015-11-15 19:14:41",1
758,"スカッとMy Heart",2,"2015-11-15 19:14:41","2015-11-15 19:14:41",1
759,"Oh my wish!",2,"2015-11-15 19:14:41","2015-11-15 19:14:41",1
760,"雪だより",5,"2015-11-15 19:14:48","2015-11-15 19:14:48",1
761,"初めてのハッピーバースディ！",5,"2015-11-15 19:14:48","2015-11-15 19:14:48",1
762,"恋人は心の応援団",5,"2015-11-15 19:14:48","2015-11-15 19:14:48",1
763,"女の子の取り調べタイム",5,"2015-11-15 19:14:48","2015-11-15 19:14:48",1
764,"二人の北海道",5,"2015-11-15 19:14:48","2015-11-15 19:14:48",1
765,"北海道シャララ",5,"2015-11-15 19:14:48","2015-11-15 19:14:48",1
766,"雪景色",5,"2015-11-15 19:14:48","2015-11-15 19:14:48",1
767,"あぁ　恋しくて",5,"2015-11-15 19:14:48","2015-11-15 19:14:48",1
768,"どっちが綺麗ですか…",5,"2015-11-15 19:14:48","2015-11-15 19:14:48",1
769,"片想いはホットミルク",5,"2015-11-15 19:14:48","2015-11-15 19:14:48",1
770,"色っぽい女〜SEXY BABY〜",5,"2015-11-15 19:14:48","2015-11-15 19:14:48",1
771,"BYE BYE最後の夜",5,"2015-11-15 19:14:48","2015-11-15 19:14:48",1
772,"浮気なハニーパイ",5,"2015-11-15 19:14:48","2015-11-15 19:14:48",1
773,"恋がステキな季節",5,"2015-11-15 19:14:48","2015-11-15 19:14:48",1
774,"先輩〜LOVE AGAIN〜",5,"2015-11-15 19:14:48","2015-11-15 19:14:48",1
775,"シャイニング愛しき貴方",5,"2015-11-15 19:14:48","2015-11-15 19:14:48",1
776,"革命チックKISS",5,"2015-11-15 19:14:48","2015-11-15 19:14:48",1
777,"恋泥棒",5,"2015-11-15 19:14:48","2015-11-15 19:14:48",1
778,"愛おしくってごめんね",5,"2015-11-15 19:14:48","2015-11-15 19:14:48",1
779,"ためらい サマータイム",5,"2015-11-15 19:14:48","2015-11-15 19:14:48",1
780,"わかっているのにごめんね",5,"2015-11-15 19:14:48","2015-11-15 19:14:48",1
781,"サバイバー",6,"2015-11-15 19:15:03","2015-11-15 19:15:03",1
782,"念には念",6,"2015-11-15 19:15:03","2015-11-15 19:15:03",1
783,"ラーメン大好き小泉さんの唄",6,"2015-11-15 19:15:03","2015-11-15 19:15:03",1
784,"ドスコイ！ケンキョにダイタン",6,"2015-11-15 19:15:03","2015-11-15 19:15:03",1
